"Classe","Nome Corso","Ateneo","Anno accademico","Descrizione indicatore","ID Indicatore","Numeratore"
"L-2 - Biotecnologie","0010106200200003 - BIOTECNOLOGIE","Università di Torino","2020","Percentuale di studenti che proseguono al II anno nello stesso corso di studio avendo acquisito almeno 2/3 dei CFU previsti al I anno **","iC16BIS","68.000"
"L-2 - Biotecnologie","0010106200200003 - BIOTECNOLOGIE","Università di Torino","2021","Percentuale di studenti che proseguono al II anno nello stesso corso di studio avendo acquisito almeno 2/3 dei CFU previsti al I anno **","iC16BIS","63.000"
"L-2 - Biotecnologie","0010106200200003 - BIOTECNOLOGIE","Università di Torino","2022","Percentuale di studenti che proseguono al II anno nello stesso corso di studio avendo acquisito almeno 2/3 dei CFU previsti al I anno **","iC16BIS","56.000"
"L-2 - Biotecnologie","0010106200200003 - BIOTECNOLOGIE","Università di Torino","2023","Percentuale di studenti che proseguono al II anno nello stesso corso di studio avendo acquisito almeno 2/3 dei CFU previsti al I anno **","iC16BIS","62.000"
"L-2 - Biotecnologie","0010106200200003 - BIOTECNOLOGIE","Università di Torino","2024","Percentuale di studenti che proseguono al II anno nello stesso corso di studio avendo acquisito almeno 2/3 dei CFU previsti al I anno **","iC16BIS","74.000"
"L-2 - Biotecnologie","0020106200200004 - Biotecnologie","Piemonte Orientale","2020","Percentuale di studenti che proseguono al II anno nello stesso corso di studio avendo acquisito almeno 2/3 dei CFU previsti al I anno **","iC16BIS","48.000"
"L-2 - Biotecnologie","0020106200200004 - Biotecnologie","Piemonte Orientale","2021","Percentuale di studenti che proseguono al II anno nello stesso corso di studio avendo acquisito almeno 2/3 dei CFU previsti al I anno **","iC16BIS","48.000"
"L-2 - Biotecnologie","0020106200200004 - Biotecnologie","Piemonte Orientale","2022","Percentuale di studenti che proseguono al II anno nello stesso corso di studio avendo acquisito almeno 2/3 dei CFU previsti al I anno **","iC16BIS","40.000"
"L-2 - Biotecnologie","0020106200200004 - Biotecnologie","Piemonte Orientale","2023","Percentuale di studenti che proseguono al II anno nello stesso corso di studio avendo acquisito almeno 2/3 dei CFU previsti al I anno **","iC16BIS","48.000"
"L-2 - Biotecnologie","0020106200200004 - Biotecnologie","Piemonte Orientale","2024","Percentuale di studenti che proseguono al II anno nello stesso corso di studio avendo acquisito almeno 2/3 dei CFU previsti al I anno **","iC16BIS","86.000"
"L-2 - Biotecnologie","0100106200200004 - Biotecnologie","Università di Genova","2020","Percentuale di studenti che proseguono al II anno nello stesso corso di studio avendo acquisito almeno 2/3 dei CFU previsti al I anno **","iC16BIS","72.000"
"L-2 - Biotecnologie","0100106200200004 - Biotecnologie","Università di Genova","2021","Percentuale di studenti che proseguono al II anno nello stesso corso di studio avendo acquisito almeno 2/3 dei CFU previsti al I anno **","iC16BIS","15.000"
"L-2 - Biotecnologie","0100106200200004 - Biotecnologie","Università di Genova","2022","Percentuale di studenti che proseguono al II anno nello stesso corso di studio avendo acquisito almeno 2/3 dei CFU previsti al I anno **","iC16BIS","13.000"
"L-2 - Biotecnologie","0100106200200004 - Biotecnologie","Università di Genova","2023","Percentuale di studenti che proseguono al II anno nello stesso corso di studio avendo acquisito almeno 2/3 dei CFU previsti al I anno **","iC16BIS","13.000"
"L-2 - Biotecnologie","0100106200200004 - Biotecnologie","Università di Genova","2024","Percentuale di studenti che proseguono al II anno nello stesso corso di studio avendo acquisito almeno 2/3 dei CFU previsti al I anno **","iC16BIS","18.000"
"L-2 - Biotecnologie","0120206200200001 - Biotecnologie","Università dell'Insubria","2020","Percentuale di studenti che proseguono al II anno nello stesso corso di studio avendo acquisito almeno 2/3 dei CFU previsti al I anno **","iC16BIS","25.000"
"L-2 - Biotecnologie","0120206200200001 - Biotecnologie","Università dell'Insubria","2021","Percentuale di studenti che proseguono al II anno nello stesso corso di studio avendo acquisito almeno 2/3 dei CFU previsti al I anno **","iC16BIS","32.000"
"L-2 - Biotecnologie","0120206200200001 - Biotecnologie","Università dell'Insubria","2022","Percentuale di studenti che proseguono al II anno nello stesso corso di studio avendo acquisito almeno 2/3 dei CFU previsti al I anno **","iC16BIS","37.000"
"L-2 - Biotecnologie","0120206200200001 - Biotecnologie","Università dell'Insubria","2023","Percentuale di studenti che proseguono al II anno nello stesso corso di studio avendo acquisito almeno 2/3 dei CFU previsti al I anno **","iC16BIS","16.000"
"L-2 - Biotecnologie","0120206200200001 - Biotecnologie","Università dell'Insubria","2024","Percentuale di studenti che proseguono al II anno nello stesso corso di studio avendo acquisito almeno 2/3 dei CFU previsti al I anno **","iC16BIS","23.000"
"L-2 - Biotecnologie","0150106200200003 - Biotecnologie mediche","Università di Milano","2020","Percentuale di studenti che proseguono al II anno nello stesso corso di studio avendo acquisito almeno 2/3 dei CFU previsti al I anno **","iC16BIS","55.000"
"L-2 - Biotecnologie","0150106200200003 - Biotecnologie mediche","Università di Milano","2021","Percentuale di studenti che proseguono al II anno nello stesso corso di studio avendo acquisito almeno 2/3 dei CFU previsti al I anno **","iC16BIS","36.000"
"L-2 - Biotecnologie","0150106200200003 - Biotecnologie mediche","Università di Milano","2022","Percentuale di studenti che proseguono al II anno nello stesso corso di studio avendo acquisito almeno 2/3 dei CFU previsti al I anno **","iC16BIS","42.000"
"L-2 - Biotecnologie","0150106200200003 - Biotecnologie mediche","Università di Milano","2023","Percentuale di studenti che proseguono al II anno nello stesso corso di studio avendo acquisito almeno 2/3 dei CFU previsti al I anno **","iC16BIS","42.000"
"L-2 - Biotecnologie","0150106200200003 - Biotecnologie mediche","Università di Milano","2024","Percentuale di studenti che proseguono al II anno nello stesso corso di studio avendo acquisito almeno 2/3 dei CFU previsti al I anno **","iC16BIS","44.000"
"L-2 - Biotecnologie","0150106200200016 - Biotecnologia","Università di Milano","2020","Percentuale di studenti che proseguono al II anno nello stesso corso di studio avendo acquisito almeno 2/3 dei CFU previsti al I anno **","iC16BIS","85.000"
"L-2 - Biotecnologie","0150106200200016 - Biotecnologia","Università di Milano","2021","Percentuale di studenti che proseguono al II anno nello stesso corso di studio avendo acquisito almeno 2/3 dei CFU previsti al I anno **","iC16BIS","78.000"
"L-2 - Biotecnologie","0150106200200016 - Biotecnologia","Università di Milano","2022","Percentuale di studenti che proseguono al II anno nello stesso corso di studio avendo acquisito almeno 2/3 dei CFU previsti al I anno **","iC16BIS","85.000"
"L-2 - Biotecnologie","0150106200200016 - Biotecnologia","Università di Milano","2023","Percentuale di studenti che proseguono al II anno nello stesso corso di studio avendo acquisito almeno 2/3 dei CFU previsti al I anno **","iC16BIS","88.000"
"L-2 - Biotecnologie","0150106200200016 - Biotecnologia","Università di Milano","2024","Percentuale di studenti che proseguono al II anno nello stesso corso di studio avendo acquisito almeno 2/3 dei CFU previsti al I anno **","iC16BIS","64.000"
"L-2 - Biotecnologie","0150806200200002 - Ricerca biotecnologica in medicina","San Raffaele","2020","Percentuale di studenti che proseguono al II anno nello stesso corso di studio avendo acquisito almeno 2/3 dei CFU previsti al I anno **","iC16BIS","27.000"
"L-2 - Biotecnologie","0150806200200002 - Ricerca biotecnologica in medicina","San Raffaele","2021","Percentuale di studenti che proseguono al II anno nello stesso corso di studio avendo acquisito almeno 2/3 dei CFU previsti al I anno **","iC16BIS","23.000"
"L-2 - Biotecnologie","0150806200200002 - Ricerca biotecnologica in medicina","San Raffaele","2022","Percentuale di studenti che proseguono al II anno nello stesso corso di studio avendo acquisito almeno 2/3 dei CFU previsti al I anno **","iC16BIS","20.000"
"L-2 - Biotecnologie","0150806200200002 - Ricerca biotecnologica in medicina","San Raffaele","2023","Percentuale di studenti che proseguono al II anno nello stesso corso di studio avendo acquisito almeno 2/3 dei CFU previsti al I anno **","iC16BIS","22.000"
"L-2 - Biotecnologie","0150806200200002 - Ricerca biotecnologica in medicina","San Raffaele","2024","Percentuale di studenti che proseguono al II anno nello stesso corso di studio avendo acquisito almeno 2/3 dei CFU previsti al I anno **","iC16BIS","11.000"
"L-2 - Biotecnologie","0150906200200008 - BIOTECNOLOGIE","Bicocca","2020","Percentuale di studenti che proseguono al II anno nello stesso corso di studio avendo acquisito almeno 2/3 dei CFU previsti al I anno **","iC16BIS","92.000"
"L-2 - Biotecnologie","0150906200200008 - BIOTECNOLOGIE","Bicocca","2021","Percentuale di studenti che proseguono al II anno nello stesso corso di studio avendo acquisito almeno 2/3 dei CFU previsti al I anno **","iC16BIS","116.000"
"L-2 - Biotecnologie","0150906200200008 - BIOTECNOLOGIE","Bicocca","2022","Percentuale di studenti che proseguono al II anno nello stesso corso di studio avendo acquisito almeno 2/3 dei CFU previsti al I anno **","iC16BIS","94.000"
"L-2 - Biotecnologie","0150906200200008 - BIOTECNOLOGIE","Bicocca","2023","Percentuale di studenti che proseguono al II anno nello stesso corso di studio avendo acquisito almeno 2/3 dei CFU previsti al I anno **","iC16BIS","118.000"
"L-2 - Biotecnologie","0150906200200008 - BIOTECNOLOGIE","Bicocca","2024","Percentuale di studenti che proseguono al II anno nello stesso corso di studio avendo acquisito almeno 2/3 dei CFU previsti al I anno **","iC16BIS","121.000"
"L-2 - Biotecnologie","0170106200200003 - Biotecnologie","Università di Brescia","2020","Percentuale di studenti che proseguono al II anno nello stesso corso di studio avendo acquisito almeno 2/3 dei CFU previsti al I anno **","iC16BIS","17.000"
"L-2 - Biotecnologie","0170106200200003 - Biotecnologie","Università di Brescia","2021","Percentuale di studenti che proseguono al II anno nello stesso corso di studio avendo acquisito almeno 2/3 dei CFU previsti al I anno **","iC16BIS","17.000"
"L-2 - Biotecnologie","0170106200200003 - Biotecnologie","Università di Brescia","2022","Percentuale di studenti che proseguono al II anno nello stesso corso di studio avendo acquisito almeno 2/3 dei CFU previsti al I anno **","iC16BIS","14.000"
"L-2 - Biotecnologie","0170106200200003 - Biotecnologie","Università di Brescia","2023","Percentuale di studenti che proseguono al II anno nello stesso corso di studio avendo acquisito almeno 2/3 dei CFU previsti al I anno **","iC16BIS","21.000"
"L-2 - Biotecnologie","0170106200200003 - Biotecnologie","Università di Brescia","2024","Percentuale di studenti che proseguono al II anno nello stesso corso di studio avendo acquisito almeno 2/3 dei CFU previsti al I anno **","iC16BIS","22.000"
"L-2 - Biotecnologie","0180106200200002 - Biotecnologie","Università di Pavia","2020","Percentuale di studenti che proseguono al II anno nello stesso corso di studio avendo acquisito almeno 2/3 dei CFU previsti al I anno **","iC16BIS","74.000"
"L-2 - Biotecnologie","0180106200200002 - Biotecnologie","Università di Pavia","2021","Percentuale di studenti che proseguono al II anno nello stesso corso di studio avendo acquisito almeno 2/3 dei CFU previsti al I anno **","iC16BIS","74.000"
"L-2 - Biotecnologie","0180106200200002 - Biotecnologie","Università di Pavia","2022","Percentuale di studenti che proseguono al II anno nello stesso corso di studio avendo acquisito almeno 2/3 dei CFU previsti al I anno **","iC16BIS","60.000"
"L-2 - Biotecnologie","0180106200200002 - Biotecnologie","Università di Pavia","2023","Percentuale di studenti che proseguono al II anno nello stesso corso di studio avendo acquisito almeno 2/3 dei CFU previsti al I anno **","iC16BIS","60.000"
"L-2 - Biotecnologie","0180106200200002 - Biotecnologie","Università di Pavia","2024","Percentuale di studenti che proseguono al II anno nello stesso corso di studio avendo acquisito almeno 2/3 dei CFU previsti al I anno **","iC16BIS","61.000"
"L-2 - Biotecnologie","0220106200200002 - SCIENZE E TECNOLOGIE BIOMOLECOLARI","Università di Trento","2020","Percentuale di studenti che proseguono al II anno nello stesso corso di studio avendo acquisito almeno 2/3 dei CFU previsti al I anno **","iC16BIS","42.000"
"L-2 - Biotecnologie","0220106200200002 - SCIENZE E TECNOLOGIE BIOMOLECOLARI","Università di Trento","2021","Percentuale di studenti che proseguono al II anno nello stesso corso di studio avendo acquisito almeno 2/3 dei CFU previsti al I anno **","iC16BIS","40.000"
"L-2 - Biotecnologie","0220106200200002 - SCIENZE E TECNOLOGIE BIOMOLECOLARI","Università di Trento","2022","Percentuale di studenti che proseguono al II anno nello stesso corso di studio avendo acquisito almeno 2/3 dei CFU previsti al I anno **","iC16BIS","40.000"
"L-2 - Biotecnologie","0220106200200002 - SCIENZE E TECNOLOGIE BIOMOLECOLARI","Università di Trento","2023","Percentuale di studenti che proseguono al II anno nello stesso corso di studio avendo acquisito almeno 2/3 dei CFU previsti al I anno **","iC16BIS","37.000"
"L-2 - Biotecnologie","0220106200200002 - SCIENZE E TECNOLOGIE BIOMOLECOLARI","Università di Trento","2024","Percentuale di studenti che proseguono al II anno nello stesso corso di studio avendo acquisito almeno 2/3 dei CFU previsti al I anno **","iC16BIS","36.000"
"L-2 - Biotecnologie","0230106200200002 - Biotecnologie","Università di Verona","2020","Percentuale di studenti che proseguono al II anno nello stesso corso di studio avendo acquisito almeno 2/3 dei CFU previsti al I anno **","iC16BIS","58.000"
"L-2 - Biotecnologie","0230106200200002 - Biotecnologie","Università di Verona","2021","Percentuale di studenti che proseguono al II anno nello stesso corso di studio avendo acquisito almeno 2/3 dei CFU previsti al I anno **","iC16BIS","38.000"
"L-2 - Biotecnologie","0230106200200002 - Biotecnologie","Università di Verona","2022","Percentuale di studenti che proseguono al II anno nello stesso corso di studio avendo acquisito almeno 2/3 dei CFU previsti al I anno **","iC16BIS","41.000"
"L-2 - Biotecnologie","0230106200200002 - Biotecnologie","Università di Verona","2023","Percentuale di studenti che proseguono al II anno nello stesso corso di studio avendo acquisito almeno 2/3 dei CFU previsti al I anno **","iC16BIS","44.000"
"L-2 - Biotecnologie","0230106200200002 - Biotecnologie","Università di Verona","2024","Percentuale di studenti che proseguono al II anno nello stesso corso di studio avendo acquisito almeno 2/3 dei CFU previsti al I anno **","iC16BIS","54.000"
"L-2 - Biotecnologie","0280106200200001 - Biotecnologie","Università di Padova","2020","Percentuale di studenti che proseguono al II anno nello stesso corso di studio avendo acquisito almeno 2/3 dei CFU previsti al I anno **","iC16BIS","70.000"
"L-2 - Biotecnologie","0280106200200001 - Biotecnologie","Università di Padova","2021","Percentuale di studenti che proseguono al II anno nello stesso corso di studio avendo acquisito almeno 2/3 dei CFU previsti al I anno **","iC16BIS","89.000"
"L-2 - Biotecnologie","0280106200200001 - Biotecnologie","Università di Padova","2022","Percentuale di studenti che proseguono al II anno nello stesso corso di studio avendo acquisito almeno 2/3 dei CFU previsti al I anno **","iC16BIS","103.000"
"L-2 - Biotecnologie","0280106200200001 - Biotecnologie","Università di Padova","2023","Percentuale di studenti che proseguono al II anno nello stesso corso di studio avendo acquisito almeno 2/3 dei CFU previsti al I anno **","iC16BIS","97.000"
"L-2 - Biotecnologie","0280106200200001 - Biotecnologie","Università di Padova","2024","Percentuale di studenti che proseguono al II anno nello stesso corso di studio avendo acquisito almeno 2/3 dei CFU previsti al I anno **","iC16BIS","102.000"
"L-2 - Biotecnologie","0300106200200002 - Biotecnologie","Università di Udine","2020","Percentuale di studenti che proseguono al II anno nello stesso corso di studio avendo acquisito almeno 2/3 dei CFU previsti al I anno **","iC16BIS","18.000"
"L-2 - Biotecnologie","0300106200200002 - Biotecnologie","Università di Udine","2021","Percentuale di studenti che proseguono al II anno nello stesso corso di studio avendo acquisito almeno 2/3 dei CFU previsti al I anno **","iC16BIS","15.000"
"L-2 - Biotecnologie","0300106200200002 - Biotecnologie","Università di Udine","2022","Percentuale di studenti che proseguono al II anno nello stesso corso di studio avendo acquisito almeno 2/3 dei CFU previsti al I anno **","iC16BIS","11.000"
"L-2 - Biotecnologie","0300106200200002 - Biotecnologie","Università di Udine","2023","Percentuale di studenti che proseguono al II anno nello stesso corso di studio avendo acquisito almeno 2/3 dei CFU previsti al I anno **","iC16BIS","20.000"
"L-2 - Biotecnologie","0300106200200002 - Biotecnologie","Università di Udine","2024","Percentuale di studenti che proseguono al II anno nello stesso corso di studio avendo acquisito almeno 2/3 dei CFU previsti al I anno **","iC16BIS","26.000"
"L-2 - Biotecnologie","0320106201300002 - Scienze e tecnologie biologiche","Università di Trieste","2020","Percentuale di studenti che proseguono al II anno nello stesso corso di studio avendo acquisito almeno 2/3 dei CFU previsti al I anno **","iC16BIS","20.000"
"L-2 - Biotecnologie","0320106201300002 - Scienze e tecnologie biologiche","Università di Trieste","2021","Percentuale di studenti che proseguono al II anno nello stesso corso di studio avendo acquisito almeno 2/3 dei CFU previsti al I anno **","iC16BIS","32.000"
"L-2 - Biotecnologie","0320106201300002 - Scienze e tecnologie biologiche","Università di Trieste","2022","Percentuale di studenti che proseguono al II anno nello stesso corso di studio avendo acquisito almeno 2/3 dei CFU previsti al I anno **","iC16BIS","25.000"
"L-2 - Biotecnologie","0320106201300002 - Scienze e tecnologie biologiche","Università di Trieste","2023","Percentuale di studenti che proseguono al II anno nello stesso corso di studio avendo acquisito almeno 2/3 dei CFU previsti al I anno **","iC16BIS","23.000"
"L-2 - Biotecnologie","0320106201300002 - Scienze e tecnologie biologiche","Università di Trieste","2024","Percentuale di studenti che proseguono al II anno nello stesso corso di studio avendo acquisito almeno 2/3 dei CFU previsti al I anno **","iC16BIS","24.000"
"L-2 - Biotecnologie","0340106200200002 - Biotecnologie","Università di Parma","2020","Percentuale di studenti che proseguono al II anno nello stesso corso di studio avendo acquisito almeno 2/3 dei CFU previsti al I anno **","iC16BIS","61.000"
"L-2 - Biotecnologie","0340106200200002 - Biotecnologie","Università di Parma","2021","Percentuale di studenti che proseguono al II anno nello stesso corso di studio avendo acquisito almeno 2/3 dei CFU previsti al I anno **","iC16BIS","38.000"
"L-2 - Biotecnologie","0340106200200002 - Biotecnologie","Università di Parma","2022","Percentuale di studenti che proseguono al II anno nello stesso corso di studio avendo acquisito almeno 2/3 dei CFU previsti al I anno **","iC16BIS","46.000"
"L-2 - Biotecnologie","0340106200200002 - Biotecnologie","Università di Parma","2023","Percentuale di studenti che proseguono al II anno nello stesso corso di studio avendo acquisito almeno 2/3 dei CFU previsti al I anno **","iC16BIS","44.000"
"L-2 - Biotecnologie","0340106200200002 - Biotecnologie","Università di Parma","2024","Percentuale di studenti che proseguono al II anno nello stesso corso di studio avendo acquisito almeno 2/3 dei CFU previsti al I anno **","iC16BIS","52.000"
"L-2 - Biotecnologie","0360106200200001 - BIOTECNOLOGIE","Università di Modena e Reggio Emilia","2020","Percentuale di studenti che proseguono al II anno nello stesso corso di studio avendo acquisito almeno 2/3 dei CFU previsti al I anno **","iC16BIS","29.000"
"L-2 - Biotecnologie","0360106200200001 - BIOTECNOLOGIE","Università di Modena e Reggio Emilia","2021","Percentuale di studenti che proseguono al II anno nello stesso corso di studio avendo acquisito almeno 2/3 dei CFU previsti al I anno **","iC16BIS","27.000"
"L-2 - Biotecnologie","0360106200200001 - BIOTECNOLOGIE","Università di Modena e Reggio Emilia","2022","Percentuale di studenti che proseguono al II anno nello stesso corso di studio avendo acquisito almeno 2/3 dei CFU previsti al I anno **","iC16BIS","25.000"
"L-2 - Biotecnologie","0360106200200001 - BIOTECNOLOGIE","Università di Modena e Reggio Emilia","2023","Percentuale di studenti che proseguono al II anno nello stesso corso di studio avendo acquisito almeno 2/3 dei CFU previsti al I anno **","iC16BIS","34.000"
"L-2 - Biotecnologie","0360106200200001 - BIOTECNOLOGIE","Università di Modena e Reggio Emilia","2024","Percentuale di studenti che proseguono al II anno nello stesso corso di studio avendo acquisito almeno 2/3 dei CFU previsti al I anno **","iC16BIS","26.000"
"L-2 - Biotecnologie","0370106200200001 - Biotecnologie","Università di Bologna","2020","Percentuale di studenti che proseguono al II anno nello stesso corso di studio avendo acquisito almeno 2/3 dei CFU previsti al I anno **","iC16BIS","57.000"
"L-2 - Biotecnologie","0370106200200001 - Biotecnologie","Università di Bologna","2021","Percentuale di studenti che proseguono al II anno nello stesso corso di studio avendo acquisito almeno 2/3 dei CFU previsti al I anno **","iC16BIS","47.000"
"L-2 - Biotecnologie","0370106200200001 - Biotecnologie","Università di Bologna","2022","Percentuale di studenti che proseguono al II anno nello stesso corso di studio avendo acquisito almeno 2/3 dei CFU previsti al I anno **","iC16BIS","49.000"
"L-2 - Biotecnologie","0370106200200001 - Biotecnologie","Università di Bologna","2023","Percentuale di studenti che proseguono al II anno nello stesso corso di studio avendo acquisito almeno 2/3 dei CFU previsti al I anno **","iC16BIS","43.000"
"L-2 - Biotecnologie","0370106200200001 - Biotecnologie","Università di Bologna","2024","Percentuale di studenti che proseguono al II anno nello stesso corso di studio avendo acquisito almeno 2/3 dei CFU previsti al I anno **","iC16BIS","53.000"
"L-2 - Biotecnologie","0370106200200002 - Genomica","Università di Bologna","2020","Percentuale di studenti che proseguono al II anno nello stesso corso di studio avendo acquisito almeno 2/3 dei CFU previsti al I anno **","iC16BIS","32.000"
"L-2 - Biotecnologie","0370106200200002 - Genomica","Università di Bologna","2021","Percentuale di studenti che proseguono al II anno nello stesso corso di studio avendo acquisito almeno 2/3 dei CFU previsti al I anno **","iC16BIS","28.000"
"L-2 - Biotecnologie","0370106200200002 - Genomica","Università di Bologna","2022","Percentuale di studenti che proseguono al II anno nello stesso corso di studio avendo acquisito almeno 2/3 dei CFU previsti al I anno **","iC16BIS","22.000"
"L-2 - Biotecnologie","0370106200200002 - Genomica","Università di Bologna","2023","Percentuale di studenti che proseguono al II anno nello stesso corso di studio avendo acquisito almeno 2/3 dei CFU previsti al I anno **","iC16BIS","23.000"
"L-2 - Biotecnologie","0370106200200002 - Genomica","Università di Bologna","2024","Percentuale di studenti che proseguono al II anno nello stesso corso di studio avendo acquisito almeno 2/3 dei CFU previsti al I anno **","iC16BIS","16.000"
"L-2 - Biotecnologie","0380106200200001 - Biotecnologie","Università di Ferrara","2020","Percentuale di studenti che proseguono al II anno nello stesso corso di studio avendo acquisito almeno 2/3 dei CFU previsti al I anno **","iC16BIS","155.000"
"L-2 - Biotecnologie","0380106200200001 - Biotecnologie","Università di Ferrara","2021","Percentuale di studenti che proseguono al II anno nello stesso corso di studio avendo acquisito almeno 2/3 dei CFU previsti al I anno **","iC16BIS","98.000"
"L-2 - Biotecnologie","0380106200200001 - Biotecnologie","Università di Ferrara","2022","Percentuale di studenti che proseguono al II anno nello stesso corso di studio avendo acquisito almeno 2/3 dei CFU previsti al I anno **","iC16BIS","85.000"
"L-2 - Biotecnologie","0380106200200001 - Biotecnologie","Università di Ferrara","2023","Percentuale di studenti che proseguono al II anno nello stesso corso di studio avendo acquisito almeno 2/3 dei CFU previsti al I anno **","iC16BIS","104.000"
"L-2 - Biotecnologie","0380106200200001 - Biotecnologie","Università di Ferrara","2024","Percentuale di studenti che proseguono al II anno nello stesso corso di studio avendo acquisito almeno 2/3 dei CFU previsti al I anno **","iC16BIS","88.000"
"L-2 - Biotecnologie","0380106200200002 - Biotecnologie mediche","Università di Ferrara","2020","Percentuale di studenti che proseguono al II anno nello stesso corso di studio avendo acquisito almeno 2/3 dei CFU previsti al I anno **","iC16BIS","218.000"
"L-2 - Biotecnologie","0380106200200002 - Biotecnologie mediche","Università di Ferrara","2021","Percentuale di studenti che proseguono al II anno nello stesso corso di studio avendo acquisito almeno 2/3 dei CFU previsti al I anno **","iC16BIS","122.000"
"L-2 - Biotecnologie","0380106200200002 - Biotecnologie mediche","Università di Ferrara","2022","Percentuale di studenti che proseguono al II anno nello stesso corso di studio avendo acquisito almeno 2/3 dei CFU previsti al I anno **","iC16BIS","116.000"
"L-2 - Biotecnologie","0380106200200002 - Biotecnologie mediche","Università di Ferrara","2023","Percentuale di studenti che proseguono al II anno nello stesso corso di studio avendo acquisito almeno 2/3 dei CFU previsti al I anno **","iC16BIS","139.000"
"L-2 - Biotecnologie","0380106200200002 - Biotecnologie mediche","Università di Ferrara","2024","Percentuale di studenti che proseguono al II anno nello stesso corso di studio avendo acquisito almeno 2/3 dei CFU previsti al I anno **","iC16BIS","141.000"
"L-2 - Biotecnologie","0410106200200001 - BIOTECNOLOGIE","Carlo Bo","2020","Percentuale di studenti che proseguono al II anno nello stesso corso di studio avendo acquisito almeno 2/3 dei CFU previsti al I anno **","iC16BIS","26.000"
"L-2 - Biotecnologie","0410106200200001 - BIOTECNOLOGIE","Carlo Bo","2021","Percentuale di studenti che proseguono al II anno nello stesso corso di studio avendo acquisito almeno 2/3 dei CFU previsti al I anno **","iC16BIS","19.000"
"L-2 - Biotecnologie","0410106200200001 - BIOTECNOLOGIE","Carlo Bo","2022","Percentuale di studenti che proseguono al II anno nello stesso corso di studio avendo acquisito almeno 2/3 dei CFU previsti al I anno **","iC16BIS","28.000"
"L-2 - Biotecnologie","0410106200200001 - BIOTECNOLOGIE","Carlo Bo","2023","Percentuale di studenti che proseguono al II anno nello stesso corso di studio avendo acquisito almeno 2/3 dei CFU previsti al I anno **","iC16BIS","24.000"
"L-2 - Biotecnologie","0410106200200001 - BIOTECNOLOGIE","Carlo Bo","2024","Percentuale di studenti che proseguono al II anno nello stesso corso di studio avendo acquisito almeno 2/3 dei CFU previsti al I anno **","iC16BIS","19.000"
"L-2 - Biotecnologie","0430206200200005 - Bioscienze e Biotecnologia -  Biosciences and Biotechnology","Università di Camerino","2020","Percentuale di studenti che proseguono al II anno nello stesso corso di studio avendo acquisito almeno 2/3 dei CFU previsti al I anno **","iC16BIS","36.000"
"L-2 - Biotecnologie","0430206200200005 - Bioscienze e Biotecnologia -  Biosciences and Biotechnology","Università di Camerino","2021","Percentuale di studenti che proseguono al II anno nello stesso corso di studio avendo acquisito almeno 2/3 dei CFU previsti al I anno **","iC16BIS","28.000"
"L-2 - Biotecnologie","0430206200200005 - Bioscienze e Biotecnologia -  Biosciences and Biotechnology","Università di Camerino","2022","Percentuale di studenti che proseguono al II anno nello stesso corso di studio avendo acquisito almeno 2/3 dei CFU previsti al I anno **","iC16BIS","16.000"
"L-2 - Biotecnologie","0430206200200005 - Bioscienze e Biotecnologia -  Biosciences and Biotechnology","Università di Camerino","2023","Percentuale di studenti che proseguono al II anno nello stesso corso di studio avendo acquisito almeno 2/3 dei CFU previsti al I anno **","iC16BIS","38.000"
"L-2 - Biotecnologie","0430206200200005 - Bioscienze e Biotecnologia -  Biosciences and Biotechnology","Università di Camerino","2024","Percentuale di studenti che proseguono al II anno nello stesso corso di studio avendo acquisito almeno 2/3 dei CFU previsti al I anno **","iC16BIS","23.000"
"L-2 - Biotecnologie","0480106200200002 - Biotecnologie","Università di Firenze","2020","Percentuale di studenti che proseguono al II anno nello stesso corso di studio avendo acquisito almeno 2/3 dei CFU previsti al I anno **","iC16BIS","55.000"
"L-2 - Biotecnologie","0480106200200002 - Biotecnologie","Università di Firenze","2021","Percentuale di studenti che proseguono al II anno nello stesso corso di studio avendo acquisito almeno 2/3 dei CFU previsti al I anno **","iC16BIS","42.000"
"L-2 - Biotecnologie","0480106200200002 - Biotecnologie","Università di Firenze","2022","Percentuale di studenti che proseguono al II anno nello stesso corso di studio avendo acquisito almeno 2/3 dei CFU previsti al I anno **","iC16BIS","32.000"
"L-2 - Biotecnologie","0480106200200002 - Biotecnologie","Università di Firenze","2023","Percentuale di studenti che proseguono al II anno nello stesso corso di studio avendo acquisito almeno 2/3 dei CFU previsti al I anno **","iC16BIS","36.000"
"L-2 - Biotecnologie","0480106200200002 - Biotecnologie","Università di Firenze","2024","Percentuale di studenti che proseguono al II anno nello stesso corso di studio avendo acquisito almeno 2/3 dei CFU previsti al I anno **","iC16BIS","45.000"
"L-2 - Biotecnologie","0500106200200004 - BIOTECNOLOGIE","Università di Pisa","2020","Percentuale di studenti che proseguono al II anno nello stesso corso di studio avendo acquisito almeno 2/3 dei CFU previsti al I anno **","iC16BIS","27.000"
"L-2 - Biotecnologie","0500106200200004 - BIOTECNOLOGIE","Università di Pisa","2021","Percentuale di studenti che proseguono al II anno nello stesso corso di studio avendo acquisito almeno 2/3 dei CFU previsti al I anno **","iC16BIS","30.000"
"L-2 - Biotecnologie","0500106200200004 - BIOTECNOLOGIE","Università di Pisa","2022","Percentuale di studenti che proseguono al II anno nello stesso corso di studio avendo acquisito almeno 2/3 dei CFU previsti al I anno **","iC16BIS","27.000"
"L-2 - Biotecnologie","0500106200200004 - BIOTECNOLOGIE","Università di Pisa","2023","Percentuale di studenti che proseguono al II anno nello stesso corso di studio avendo acquisito almeno 2/3 dei CFU previsti al I anno **","iC16BIS","22.000"
"L-2 - Biotecnologie","0500106200200004 - BIOTECNOLOGIE","Università di Pisa","2024","Percentuale di studenti che proseguono al II anno nello stesso corso di studio avendo acquisito almeno 2/3 dei CFU previsti al I anno **","iC16BIS","34.000"
"L-2 - Biotecnologie","0520106200200001 - Biotecnologie","Università di Siena","2020","Percentuale di studenti che proseguono al II anno nello stesso corso di studio avendo acquisito almeno 2/3 dei CFU previsti al I anno **","iC16BIS","13.000"
"L-2 - Biotecnologie","0520106200200001 - Biotecnologie","Università di Siena","2021","Percentuale di studenti che proseguono al II anno nello stesso corso di studio avendo acquisito almeno 2/3 dei CFU previsti al I anno **","iC16BIS","25.000"
"L-2 - Biotecnologie","0520106200200001 - Biotecnologie","Università di Siena","2022","Percentuale di studenti che proseguono al II anno nello stesso corso di studio avendo acquisito almeno 2/3 dei CFU previsti al I anno **","iC16BIS","18.000"
"L-2 - Biotecnologie","0520106200200001 - Biotecnologie","Università di Siena","2023","Percentuale di studenti che proseguono al II anno nello stesso corso di studio avendo acquisito almeno 2/3 dei CFU previsti al I anno **","iC16BIS","20.000"
"L-2 - Biotecnologie","0520106200200001 - Biotecnologie","Università di Siena","2024","Percentuale di studenti che proseguono al II anno nello stesso corso di studio avendo acquisito almeno 2/3 dei CFU previsti al I anno **","iC16BIS","18.000"
"L-2 - Biotecnologie","0540106200200003 - Biotecnologie","Università di Perugia","2020","Percentuale di studenti che proseguono al II anno nello stesso corso di studio avendo acquisito almeno 2/3 dei CFU previsti al I anno **","iC16BIS","76.000"
"L-2 - Biotecnologie","0540106200200003 - Biotecnologie","Università di Perugia","2021","Percentuale di studenti che proseguono al II anno nello stesso corso di studio avendo acquisito almeno 2/3 dei CFU previsti al I anno **","iC16BIS","56.000"
"L-2 - Biotecnologie","0540106200200003 - Biotecnologie","Università di Perugia","2022","Percentuale di studenti che proseguono al II anno nello stesso corso di studio avendo acquisito almeno 2/3 dei CFU previsti al I anno **","iC16BIS","42.000"
"L-2 - Biotecnologie","0540106200200003 - Biotecnologie","Università di Perugia","2023","Percentuale di studenti che proseguono al II anno nello stesso corso di studio avendo acquisito almeno 2/3 dei CFU previsti al I anno **","iC16BIS","56.000"
"L-2 - Biotecnologie","0540106200200003 - Biotecnologie","Università di Perugia","2024","Percentuale di studenti che proseguono al II anno nello stesso corso di studio avendo acquisito almeno 2/3 dei CFU previsti al I anno **","iC16BIS","41.000"
"L-2 - Biotecnologie","0560106200200005 - Biotecnologie","Università della Tuscia","2020","Percentuale di studenti che proseguono al II anno nello stesso corso di studio avendo acquisito almeno 2/3 dei CFU previsti al I anno **","iC16BIS","37.000"
"L-2 - Biotecnologie","0560106200200005 - Biotecnologie","Università della Tuscia","2021","Percentuale di studenti che proseguono al II anno nello stesso corso di studio avendo acquisito almeno 2/3 dei CFU previsti al I anno **","iC16BIS","30.000"
"L-2 - Biotecnologie","0560106200200005 - Biotecnologie","Università della Tuscia","2022","Percentuale di studenti che proseguono al II anno nello stesso corso di studio avendo acquisito almeno 2/3 dei CFU previsti al I anno **","iC16BIS","22.000"
"L-2 - Biotecnologie","0560106200200005 - Biotecnologie","Università della Tuscia","2023","Percentuale di studenti che proseguono al II anno nello stesso corso di studio avendo acquisito almeno 2/3 dei CFU previsti al I anno **","iC16BIS","19.000"
"L-2 - Biotecnologie","0560106200200005 - Biotecnologie","Università della Tuscia","2024","Percentuale di studenti che proseguono al II anno nello stesso corso di studio avendo acquisito almeno 2/3 dei CFU previsti al I anno **","iC16BIS","25.000"
"L-2 - Biotecnologie","0580106200200001 - Biotecnologie Agro-Alimentari e Industriali","La Sapienza","2020","Percentuale di studenti che proseguono al II anno nello stesso corso di studio avendo acquisito almeno 2/3 dei CFU previsti al I anno **","iC16BIS","18.000"
"L-2 - Biotecnologie","0580106200200001 - Biotecnologie Agro-Alimentari e Industriali","La Sapienza","2021","Percentuale di studenti che proseguono al II anno nello stesso corso di studio avendo acquisito almeno 2/3 dei CFU previsti al I anno **","iC16BIS","18.000"
"L-2 - Biotecnologie","0580106200200001 - Biotecnologie Agro-Alimentari e Industriali","La Sapienza","2022","Percentuale di studenti che proseguono al II anno nello stesso corso di studio avendo acquisito almeno 2/3 dei CFU previsti al I anno **","iC16BIS","18.000"
"L-2 - Biotecnologie","0580106200200001 - Biotecnologie Agro-Alimentari e Industriali","La Sapienza","2023","Percentuale di studenti che proseguono al II anno nello stesso corso di studio avendo acquisito almeno 2/3 dei CFU previsti al I anno **","iC16BIS","10.000"
"L-2 - Biotecnologie","0580106200200001 - Biotecnologie Agro-Alimentari e Industriali","La Sapienza","2024","Percentuale di studenti che proseguono al II anno nello stesso corso di studio avendo acquisito almeno 2/3 dei CFU previsti al I anno **","iC16BIS","15.000"
"L-2 - Biotecnologie","0580106200200002 - Biotecnologie","La Sapienza","2020","Percentuale di studenti che proseguono al II anno nello stesso corso di studio avendo acquisito almeno 2/3 dei CFU previsti al I anno **","iC16BIS","33.000"
"L-2 - Biotecnologie","0580106200200002 - Biotecnologie","La Sapienza","2021","Percentuale di studenti che proseguono al II anno nello stesso corso di studio avendo acquisito almeno 2/3 dei CFU previsti al I anno **","iC16BIS","33.000"
"L-2 - Biotecnologie","0580106200200002 - Biotecnologie","La Sapienza","2022","Percentuale di studenti che proseguono al II anno nello stesso corso di studio avendo acquisito almeno 2/3 dei CFU previsti al I anno **","iC16BIS","19.000"
"L-2 - Biotecnologie","0580106200200002 - Biotecnologie","La Sapienza","2023","Percentuale di studenti che proseguono al II anno nello stesso corso di studio avendo acquisito almeno 2/3 dei CFU previsti al I anno **","iC16BIS","18.000"
"L-2 - Biotecnologie","0580106200200002 - Biotecnologie","La Sapienza","2024","Percentuale di studenti che proseguono al II anno nello stesso corso di studio avendo acquisito almeno 2/3 dei CFU previsti al I anno **","iC16BIS","40.000"
"L-2 - Biotecnologie","0580106200200003 - Bioinformatica","La Sapienza","2020","Percentuale di studenti che proseguono al II anno nello stesso corso di studio avendo acquisito almeno 2/3 dei CFU previsti al I anno **","iC16BIS","9.000"
"L-2 - Biotecnologie","0580106200200003 - Bioinformatica","La Sapienza","2021","Percentuale di studenti che proseguono al II anno nello stesso corso di studio avendo acquisito almeno 2/3 dei CFU previsti al I anno **","iC16BIS","11.000"
"L-2 - Biotecnologie","0580106200200003 - Bioinformatica","La Sapienza","2022","Percentuale di studenti che proseguono al II anno nello stesso corso di studio avendo acquisito almeno 2/3 dei CFU previsti al I anno **","iC16BIS","8.000"
"L-2 - Biotecnologie","0580106200200003 - Bioinformatica","La Sapienza","2023","Percentuale di studenti che proseguono al II anno nello stesso corso di studio avendo acquisito almeno 2/3 dei CFU previsti al I anno **","iC16BIS","11.000"
"L-2 - Biotecnologie","0580106200200003 - Bioinformatica","La Sapienza","2024","Percentuale di studenti che proseguono al II anno nello stesso corso di studio avendo acquisito almeno 2/3 dei CFU previsti al I anno **","iC16BIS","8.000"
"L-2 - Biotecnologie","0580206200200001 - Biotecnologie","Tor Vergata","2020","Percentuale di studenti che proseguono al II anno nello stesso corso di studio avendo acquisito almeno 2/3 dei CFU previsti al I anno **","iC16BIS","11.000"
"L-2 - Biotecnologie","0580206200200001 - Biotecnologie","Tor Vergata","2021","Percentuale di studenti che proseguono al II anno nello stesso corso di studio avendo acquisito almeno 2/3 dei CFU previsti al I anno **","iC16BIS","19.000"
"L-2 - Biotecnologie","0580206200200001 - Biotecnologie","Tor Vergata","2022","Percentuale di studenti che proseguono al II anno nello stesso corso di studio avendo acquisito almeno 2/3 dei CFU previsti al I anno **","iC16BIS","20.000"
"L-2 - Biotecnologie","0580206200200001 - Biotecnologie","Tor Vergata","2023","Percentuale di studenti che proseguono al II anno nello stesso corso di studio avendo acquisito almeno 2/3 dei CFU previsti al I anno **","iC16BIS","14.000"
"L-2 - Biotecnologie","0580206200200001 - Biotecnologie","Tor Vergata","2024","Percentuale di studenti che proseguono al II anno nello stesso corso di studio avendo acquisito almeno 2/3 dei CFU previsti al I anno **","iC16BIS","9.000"
"L-2 - Biotecnologie","0620106200200003 - BIOTECNOLOGIE","Università del Sannio","2020","Percentuale di studenti che proseguono al II anno nello stesso corso di studio avendo acquisito almeno 2/3 dei CFU previsti al I anno **","iC16BIS","9.000"
"L-2 - Biotecnologie","0620106200200003 - BIOTECNOLOGIE","Università del Sannio","2021","Percentuale di studenti che proseguono al II anno nello stesso corso di studio avendo acquisito almeno 2/3 dei CFU previsti al I anno **","iC16BIS","33.000"
"L-2 - Biotecnologie","0620106200200003 - BIOTECNOLOGIE","Università del Sannio","2022","Percentuale di studenti che proseguono al II anno nello stesso corso di studio avendo acquisito almeno 2/3 dei CFU previsti al I anno **","iC16BIS","37.000"
"L-2 - Biotecnologie","0620106200200003 - BIOTECNOLOGIE","Università del Sannio","2023","Percentuale di studenti che proseguono al II anno nello stesso corso di studio avendo acquisito almeno 2/3 dei CFU previsti al I anno **","iC16BIS","31.000"
"L-2 - Biotecnologie","0620106200200003 - BIOTECNOLOGIE","Università del Sannio","2024","Percentuale di studenti che proseguono al II anno nello stesso corso di studio avendo acquisito almeno 2/3 dei CFU previsti al I anno **","iC16BIS","47.000"
"L-2 - Biotecnologie","0630106200200002 - Corso di laurea in Biotecnologie Biomolecolari e Industriali","Federico II","2020","Percentuale di studenti che proseguono al II anno nello stesso corso di studio avendo acquisito almeno 2/3 dei CFU previsti al I anno **","iC16BIS","13.000"
"L-2 - Biotecnologie","0630106200200002 - Corso di laurea in Biotecnologie Biomolecolari e Industriali","Federico II","2021","Percentuale di studenti che proseguono al II anno nello stesso corso di studio avendo acquisito almeno 2/3 dei CFU previsti al I anno **","iC16BIS","13.000"
"L-2 - Biotecnologie","0630106200200002 - Corso di laurea in Biotecnologie Biomolecolari e Industriali","Federico II","2022","Percentuale di studenti che proseguono al II anno nello stesso corso di studio avendo acquisito almeno 2/3 dei CFU previsti al I anno **","iC16BIS","15.000"
"L-2 - Biotecnologie","0630106200200002 - Corso di laurea in Biotecnologie Biomolecolari e Industriali","Federico II","2023","Percentuale di studenti che proseguono al II anno nello stesso corso di studio avendo acquisito almeno 2/3 dei CFU previsti al I anno **","iC16BIS","12.000"
"L-2 - Biotecnologie","0630106200200002 - Corso di laurea in Biotecnologie Biomolecolari e Industriali","Federico II","2024","Percentuale di studenti che proseguono al II anno nello stesso corso di studio avendo acquisito almeno 2/3 dei CFU previsti al I anno **","iC16BIS","21.000"
"L-2 - Biotecnologie","0630106200200004 - Biotecnologie per la Salute","Federico II","2020","Percentuale di studenti che proseguono al II anno nello stesso corso di studio avendo acquisito almeno 2/3 dei CFU previsti al I anno **","iC16BIS","99.000"
"L-2 - Biotecnologie","0630106200200004 - Biotecnologie per la Salute","Federico II","2021","Percentuale di studenti che proseguono al II anno nello stesso corso di studio avendo acquisito almeno 2/3 dei CFU previsti al I anno **","iC16BIS","75.000"
"L-2 - Biotecnologie","0630106200200004 - Biotecnologie per la Salute","Federico II","2022","Percentuale di studenti che proseguono al II anno nello stesso corso di studio avendo acquisito almeno 2/3 dei CFU previsti al I anno **","iC16BIS","69.000"
"L-2 - Biotecnologie","0630106200200004 - Biotecnologie per la Salute","Federico II","2023","Percentuale di studenti che proseguono al II anno nello stesso corso di studio avendo acquisito almeno 2/3 dei CFU previsti al I anno **","iC16BIS","75.000"
"L-2 - Biotecnologie","0630106200200004 - Biotecnologie per la Salute","Federico II","2024","Percentuale di studenti che proseguono al II anno nello stesso corso di studio avendo acquisito almeno 2/3 dei CFU previsti al I anno **","iC16BIS","104.000"
"L-2 - Biotecnologie","0630606200200002 - Biotecnologie","Università Vanvitelli","2020","Percentuale di studenti che proseguono al II anno nello stesso corso di studio avendo acquisito almeno 2/3 dei CFU previsti al I anno **","iC16BIS","18.000"
"L-2 - Biotecnologie","0630606200200002 - Biotecnologie","Università Vanvitelli","2021","Percentuale di studenti che proseguono al II anno nello stesso corso di studio avendo acquisito almeno 2/3 dei CFU previsti al I anno **","iC16BIS","14.000"
"L-2 - Biotecnologie","0630606200200002 - Biotecnologie","Università Vanvitelli","2022","Percentuale di studenti che proseguono al II anno nello stesso corso di studio avendo acquisito almeno 2/3 dei CFU previsti al I anno **","iC16BIS","8.000"
"L-2 - Biotecnologie","0630606200200002 - Biotecnologie","Università Vanvitelli","2023","Percentuale di studenti che proseguono al II anno nello stesso corso di studio avendo acquisito almeno 2/3 dei CFU previsti al I anno **","iC16BIS","8.000"
"L-2 - Biotecnologie","0630606200200002 - Biotecnologie","Università Vanvitelli","2024","Percentuale di studenti che proseguono al II anno nello stesso corso di studio avendo acquisito almeno 2/3 dei CFU previsti al I anno **","iC16BIS","8.000"
"L-2 - Biotecnologie","0660106200200008 - Biotecnologie","Università de L'Aquila","2020","Percentuale di studenti che proseguono al II anno nello stesso corso di studio avendo acquisito almeno 2/3 dei CFU previsti al I anno **","iC16BIS","4.000"
"L-2 - Biotecnologie","0660106200200008 - Biotecnologie","Università de L'Aquila","2021","Percentuale di studenti che proseguono al II anno nello stesso corso di studio avendo acquisito almeno 2/3 dei CFU previsti al I anno **","iC16BIS","1.000"
"L-2 - Biotecnologie","0660106200200008 - Biotecnologie","Università de L'Aquila","2022","Percentuale di studenti che proseguono al II anno nello stesso corso di studio avendo acquisito almeno 2/3 dei CFU previsti al I anno **","iC16BIS","6.000"
"L-2 - Biotecnologie","0660106200200008 - Biotecnologie","Università de L'Aquila","2023","Percentuale di studenti che proseguono al II anno nello stesso corso di studio avendo acquisito almeno 2/3 dei CFU previsti al I anno **","iC16BIS","7.000"
"L-2 - Biotecnologie","0660106200200008 - Biotecnologie","Università de L'Aquila","2024","Percentuale di studenti che proseguono al II anno nello stesso corso di studio avendo acquisito almeno 2/3 dei CFU previsti al I anno **","iC16BIS","7.000"
"L-2 - Biotecnologie","0670106200200002 - Biotecnologie","Università di Teramo","2020","Percentuale di studenti che proseguono al II anno nello stesso corso di studio avendo acquisito almeno 2/3 dei CFU previsti al I anno **","iC16BIS","21.000"
"L-2 - Biotecnologie","0670106200200002 - Biotecnologie","Università di Teramo","2021","Percentuale di studenti che proseguono al II anno nello stesso corso di studio avendo acquisito almeno 2/3 dei CFU previsti al I anno **","iC16BIS","38.000"
"L-2 - Biotecnologie","0670106200200002 - Biotecnologie","Università di Teramo","2022","Percentuale di studenti che proseguono al II anno nello stesso corso di studio avendo acquisito almeno 2/3 dei CFU previsti al I anno **","iC16BIS","19.000"
"L-2 - Biotecnologie","0670106200200002 - Biotecnologie","Università di Teramo","2023","Percentuale di studenti che proseguono al II anno nello stesso corso di studio avendo acquisito almeno 2/3 dei CFU previsti al I anno **","iC16BIS","28.000"
"L-2 - Biotecnologie","0670106200200002 - Biotecnologie","Università di Teramo","2024","Percentuale di studenti che proseguono al II anno nello stesso corso di studio avendo acquisito almeno 2/3 dei CFU previsti al I anno **","iC16BIS","25.000"
"L-2 - Biotecnologie","0710107320200001 - BIOTECNOLOGIE","Università di Foggia","2024","Percentuale di studenti che proseguono al II anno nello stesso corso di studio avendo acquisito almeno 2/3 dei CFU previsti al I anno **","iC16BIS","5.000"
"L-2 - Biotecnologie","0720106200200002 - Biotecnologie Industriali per lo Sviluppo Sostenibile","Università di Bari","2020","Percentuale di studenti che proseguono al II anno nello stesso corso di studio avendo acquisito almeno 2/3 dei CFU previsti al I anno **","iC16BIS","7.000"
"L-2 - Biotecnologie","0720106200200002 - Biotecnologie Industriali per lo Sviluppo Sostenibile","Università di Bari","2021","Percentuale di studenti che proseguono al II anno nello stesso corso di studio avendo acquisito almeno 2/3 dei CFU previsti al I anno **","iC16BIS","3.000"
"L-2 - Biotecnologie","0720106200200002 - Biotecnologie Industriali per lo Sviluppo Sostenibile","Università di Bari","2022","Percentuale di studenti che proseguono al II anno nello stesso corso di studio avendo acquisito almeno 2/3 dei CFU previsti al I anno **","iC16BIS","3.000"
"L-2 - Biotecnologie","0720106200200002 - Biotecnologie Industriali per lo Sviluppo Sostenibile","Università di Bari","2023","Percentuale di studenti che proseguono al II anno nello stesso corso di studio avendo acquisito almeno 2/3 dei CFU previsti al I anno **","iC16BIS","4.000"
"L-2 - Biotecnologie","0720106200200002 - Biotecnologie Industriali per lo Sviluppo Sostenibile","Università di Bari","2024","Percentuale di studenti che proseguono al II anno nello stesso corso di studio avendo acquisito almeno 2/3 dei CFU previsti al I anno **","iC16BIS","8.000"
"L-2 - Biotecnologie","0720106200200003 - Biotecnologie Mediche e Farmaceutiche","Università di Bari","2020","Percentuale di studenti che proseguono al II anno nello stesso corso di studio avendo acquisito almeno 2/3 dei CFU previsti al I anno **","iC16BIS","13.000"
"L-2 - Biotecnologie","0720106200200003 - Biotecnologie Mediche e Farmaceutiche","Università di Bari","2021","Percentuale di studenti che proseguono al II anno nello stesso corso di studio avendo acquisito almeno 2/3 dei CFU previsti al I anno **","iC16BIS","11.000"
"L-2 - Biotecnologie","0720106200200003 - Biotecnologie Mediche e Farmaceutiche","Università di Bari","2022","Percentuale di studenti che proseguono al II anno nello stesso corso di studio avendo acquisito almeno 2/3 dei CFU previsti al I anno **","iC16BIS","17.000"
"L-2 - Biotecnologie","0720106200200003 - Biotecnologie Mediche e Farmaceutiche","Università di Bari","2023","Percentuale di studenti che proseguono al II anno nello stesso corso di studio avendo acquisito almeno 2/3 dei CFU previsti al I anno **","iC16BIS","26.000"
"L-2 - Biotecnologie","0720106200200003 - Biotecnologie Mediche e Farmaceutiche","Università di Bari","2024","Percentuale di studenti che proseguono al II anno nello stesso corso di studio avendo acquisito almeno 2/3 dei CFU previsti al I anno **","iC16BIS","23.000"
"L-2 - Biotecnologie","0750106200200002 - BIOTECNOLOGIE","Università del SALENTO","2020","Percentuale di studenti che proseguono al II anno nello stesso corso di studio avendo acquisito almeno 2/3 dei CFU previsti al I anno **","iC16BIS","11.000"
"L-2 - Biotecnologie","0750106200200002 - BIOTECNOLOGIE","Università del SALENTO","2021","Percentuale di studenti che proseguono al II anno nello stesso corso di studio avendo acquisito almeno 2/3 dei CFU previsti al I anno **","iC16BIS","32.000"
"L-2 - Biotecnologie","0750106200200002 - BIOTECNOLOGIE","Università del SALENTO","2022","Percentuale di studenti che proseguono al II anno nello stesso corso di studio avendo acquisito almeno 2/3 dei CFU previsti al I anno **","iC16BIS","19.000"
"L-2 - Biotecnologie","0750106200200002 - BIOTECNOLOGIE","Università del SALENTO","2023","Percentuale di studenti che proseguono al II anno nello stesso corso di studio avendo acquisito almeno 2/3 dei CFU previsti al I anno **","iC16BIS","28.000"
"L-2 - Biotecnologie","0750106200200002 - BIOTECNOLOGIE","Università del SALENTO","2024","Percentuale di studenti che proseguono al II anno nello stesso corso di studio avendo acquisito almeno 2/3 dei CFU previsti al I anno **","iC16BIS","29.000"
"L-2 - Biotecnologie","0760106200200003 - Biotecnologie","Università della Basilicata","2020","Percentuale di studenti che proseguono al II anno nello stesso corso di studio avendo acquisito almeno 2/3 dei CFU previsti al I anno **","iC16BIS","21.000"
"L-2 - Biotecnologie","0760106200200003 - Biotecnologie","Università della Basilicata","2021","Percentuale di studenti che proseguono al II anno nello stesso corso di studio avendo acquisito almeno 2/3 dei CFU previsti al I anno **","iC16BIS","2.000"
"L-2 - Biotecnologie","0760106200200003 - Biotecnologie","Università della Basilicata","2022","Percentuale di studenti che proseguono al II anno nello stesso corso di studio avendo acquisito almeno 2/3 dei CFU previsti al I anno **","iC16BIS","7.000"
"L-2 - Biotecnologie","0760106200200003 - Biotecnologie","Università della Basilicata","2023","Percentuale di studenti che proseguono al II anno nello stesso corso di studio avendo acquisito almeno 2/3 dei CFU previsti al I anno **","iC16BIS","17.000"
"L-2 - Biotecnologie","0760106200200003 - Biotecnologie","Università della Basilicata","2024","Percentuale di studenti che proseguono al II anno nello stesso corso di studio avendo acquisito almeno 2/3 dei CFU previsti al I anno **","iC16BIS","15.000"
"L-2 - Biotecnologie","0780106201300002 - Scienze e tecnologie biologiche","Università della Calabria","2020","Percentuale di studenti che proseguono al II anno nello stesso corso di studio avendo acquisito almeno 2/3 dei CFU previsti al I anno **","iC16BIS","16.000"
"L-2 - Biotecnologie","0780106201300002 - Scienze e tecnologie biologiche","Università della Calabria","2021","Percentuale di studenti che proseguono al II anno nello stesso corso di studio avendo acquisito almeno 2/3 dei CFU previsti al I anno **","iC16BIS","13.000"
"L-2 - Biotecnologie","0780106201300002 - Scienze e tecnologie biologiche","Università della Calabria","2022","Percentuale di studenti che proseguono al II anno nello stesso corso di studio avendo acquisito almeno 2/3 dei CFU previsti al I anno **","iC16BIS","25.000"
"L-2 - Biotecnologie","0780106201300002 - Scienze e tecnologie biologiche","Università della Calabria","2023","Percentuale di studenti che proseguono al II anno nello stesso corso di studio avendo acquisito almeno 2/3 dei CFU previsti al I anno **","iC16BIS","20.000"
"L-2 - Biotecnologie","0780106201300002 - Scienze e tecnologie biologiche","Università della Calabria","2024","Percentuale di studenti che proseguono al II anno nello stesso corso di studio avendo acquisito almeno 2/3 dei CFU previsti al I anno **","iC16BIS","15.000"
"L-2 - Biotecnologie","0790106200200002 - Biotecnologie","Magna Graecia","2020","Percentuale di studenti che proseguono al II anno nello stesso corso di studio avendo acquisito almeno 2/3 dei CFU previsti al I anno **","iC16BIS","35.000"
"L-2 - Biotecnologie","0790106200200002 - Biotecnologie","Magna Graecia","2021","Percentuale di studenti che proseguono al II anno nello stesso corso di studio avendo acquisito almeno 2/3 dei CFU previsti al I anno **","iC16BIS","14.000"
"L-2 - Biotecnologie","0790106200200002 - Biotecnologie","Magna Graecia","2022","Percentuale di studenti che proseguono al II anno nello stesso corso di studio avendo acquisito almeno 2/3 dei CFU previsti al I anno **","iC16BIS","25.000"
"L-2 - Biotecnologie","0790106200200002 - Biotecnologie","Magna Graecia","2023","Percentuale di studenti che proseguono al II anno nello stesso corso di studio avendo acquisito almeno 2/3 dei CFU previsti al I anno **","iC16BIS","34.000"
"L-2 - Biotecnologie","0790106200200002 - Biotecnologie","Magna Graecia","2024","Percentuale di studenti che proseguono al II anno nello stesso corso di studio avendo acquisito almeno 2/3 dei CFU previsti al I anno **","iC16BIS","17.000"
"L-2 - Biotecnologie","0820106200200001 - Biotecnologie","Università di Palermo","2020","Percentuale di studenti che proseguono al II anno nello stesso corso di studio avendo acquisito almeno 2/3 dei CFU previsti al I anno **","iC16BIS","34.000"
"L-2 - Biotecnologie","0820106200200001 - Biotecnologie","Università di Palermo","2021","Percentuale di studenti che proseguono al II anno nello stesso corso di studio avendo acquisito almeno 2/3 dei CFU previsti al I anno **","iC16BIS","32.000"
"L-2 - Biotecnologie","0820106200200001 - Biotecnologie","Università di Palermo","2022","Percentuale di studenti che proseguono al II anno nello stesso corso di studio avendo acquisito almeno 2/3 dei CFU previsti al I anno **","iC16BIS","28.000"
"L-2 - Biotecnologie","0820106200200001 - Biotecnologie","Università di Palermo","2023","Percentuale di studenti che proseguono al II anno nello stesso corso di studio avendo acquisito almeno 2/3 dei CFU previsti al I anno **","iC16BIS","23.000"
"L-2 - Biotecnologie","0820106200200001 - Biotecnologie","Università di Palermo","2024","Percentuale di studenti che proseguono al II anno nello stesso corso di studio avendo acquisito almeno 2/3 dei CFU previsti al I anno **","iC16BIS","34.000"
"L-2 - Biotecnologie","0830106200200003 - Biotecnologie","Università di Messina","2020","Percentuale di studenti che proseguono al II anno nello stesso corso di studio avendo acquisito almeno 2/3 dei CFU previsti al I anno **","iC16BIS","18.000"
"L-2 - Biotecnologie","0830106200200003 - Biotecnologie","Università di Messina","2021","Percentuale di studenti che proseguono al II anno nello stesso corso di studio avendo acquisito almeno 2/3 dei CFU previsti al I anno **","iC16BIS","10.000"
"L-2 - Biotecnologie","0830106200200003 - Biotecnologie","Università di Messina","2022","Percentuale di studenti che proseguono al II anno nello stesso corso di studio avendo acquisito almeno 2/3 dei CFU previsti al I anno **","iC16BIS","20.000"
"L-2 - Biotecnologie","0830106200200003 - Biotecnologie","Università di Messina","2023","Percentuale di studenti che proseguono al II anno nello stesso corso di studio avendo acquisito almeno 2/3 dei CFU previsti al I anno **","iC16BIS","8.000"
"L-2 - Biotecnologie","0830106200200003 - Biotecnologie","Università di Messina","2024","Percentuale di studenti che proseguono al II anno nello stesso corso di studio avendo acquisito almeno 2/3 dei CFU previsti al I anno **","iC16BIS","7.000"
"L-2 - Biotecnologie","0870106200200001 - Biotecnologie","Università di Catania","2020","Percentuale di studenti che proseguono al II anno nello stesso corso di studio avendo acquisito almeno 2/3 dei CFU previsti al I anno **","iC16BIS","40.000"
"L-2 - Biotecnologie","0870106200200001 - Biotecnologie","Università di Catania","2021","Percentuale di studenti che proseguono al II anno nello stesso corso di studio avendo acquisito almeno 2/3 dei CFU previsti al I anno **","iC16BIS","36.000"
"L-2 - Biotecnologie","0870106200200001 - Biotecnologie","Università di Catania","2022","Percentuale di studenti che proseguono al II anno nello stesso corso di studio avendo acquisito almeno 2/3 dei CFU previsti al I anno **","iC16BIS","20.000"
"L-2 - Biotecnologie","0870106200200001 - Biotecnologie","Università di Catania","2023","Percentuale di studenti che proseguono al II anno nello stesso corso di studio avendo acquisito almeno 2/3 dei CFU previsti al I anno **","iC16BIS","53.000"
"L-2 - Biotecnologie","0870106200200001 - Biotecnologie","Università di Catania","2024","Percentuale di studenti che proseguono al II anno nello stesso corso di studio avendo acquisito almeno 2/3 dei CFU previsti al I anno **","iC16BIS","62.000"
"L-2 - Biotecnologie","0900106200200001 - Biotecnologie e Analisi Bioinformatiche","Università di Sassari","2020","Percentuale di studenti che proseguono al II anno nello stesso corso di studio avendo acquisito almeno 2/3 dei CFU previsti al I anno **","iC16BIS","10.000"
"L-2 - Biotecnologie","0900106200200001 - Biotecnologie e Analisi Bioinformatiche","Università di Sassari","2021","Percentuale di studenti che proseguono al II anno nello stesso corso di studio avendo acquisito almeno 2/3 dei CFU previsti al I anno **","iC16BIS","4.000"
"L-2 - Biotecnologie","0900106200200001 - Biotecnologie e Analisi Bioinformatiche","Università di Sassari","2022","Percentuale di studenti che proseguono al II anno nello stesso corso di studio avendo acquisito almeno 2/3 dei CFU previsti al I anno **","iC16BIS","7.000"
"L-2 - Biotecnologie","0900106200200001 - Biotecnologie e Analisi Bioinformatiche","Università di Sassari","2023","Percentuale di studenti che proseguono al II anno nello stesso corso di studio avendo acquisito almeno 2/3 dei CFU previsti al I anno **","iC16BIS","6.000"
"L-2 - Biotecnologie","0900106200200001 - Biotecnologie e Analisi Bioinformatiche","Università di Sassari","2024","Percentuale di studenti che proseguono al II anno nello stesso corso di studio avendo acquisito almeno 2/3 dei CFU previsti al I anno **","iC16BIS","8.000"
"L-2 - Biotecnologie","0920106200200001 - BIOTECNOLOGIE","Università di Cagliari","2020","Percentuale di studenti che proseguono al II anno nello stesso corso di studio avendo acquisito almeno 2/3 dei CFU previsti al I anno **","iC16BIS","8.000"
"L-2 - Biotecnologie","0920106200200001 - BIOTECNOLOGIE","Università di Cagliari","2021","Percentuale di studenti che proseguono al II anno nello stesso corso di studio avendo acquisito almeno 2/3 dei CFU previsti al I anno **","iC16BIS","9.000"
"L-2 - Biotecnologie","0920106200200001 - BIOTECNOLOGIE","Università di Cagliari","2022","Percentuale di studenti che proseguono al II anno nello stesso corso di studio avendo acquisito almeno 2/3 dei CFU previsti al I anno **","iC16BIS","5.000"
"L-2 - Biotecnologie","0920106200200001 - BIOTECNOLOGIE","Università di Cagliari","2023","Percentuale di studenti che proseguono al II anno nello stesso corso di studio avendo acquisito almeno 2/3 dei CFU previsti al I anno **","iC16BIS","11.000"
"L-2 - Biotecnologie","0920106200200001 - BIOTECNOLOGIE","Università di Cagliari","2024","Percentuale di studenti che proseguono al II anno nello stesso corso di studio avendo acquisito almeno 2/3 dei CFU previsti al I anno **","iC16BIS","13.000"
